3;4;1;2;8;9;11;12;16;18;19;20;21;22;23;24;25;26;27;28;29;30;31;35;36;37;42;43;44;45;46;48;49;51;52;53;54;55;56;57;58;59;60;61;62;63;64;65;66;67;68;69;70;71;72;73;74
2011;1;29,8;101,01;804,8582643;355,5987225;25,46067436;631,9121457;1029,59;358,643;14558,4026;4,876;15108,8;88,6;8,6;6,9;3,9;-14;-10;-6;-25;-40;93,2;296,0103533;-0,314886667;100,108928;5,051994;0,071619333;106,8147227;230,6154453;4281,420541;0,428237185;9,6;7,75;1,83;0,42;0,1;-7;-26;-16;-20;12;60;-9;21;48;17;98,35;41533,98;46157,68;631;23877;0,036862932;196,3;13,05;50729;64770
2011;2;28,876;111,8;700,7502707;336,7398554;24,42180392;745,3304567;997,6658;347,52266;14106,99441;5,341;18909,1;70,2;9,7;14,8;3,4;-14;-10;-6;-25;-40;93,2;286,8320457;-0,305123067;97,00487936;4,89534828;0,069398653;103,5027494;223,4648188;4281,420541;0,413167919;9,5;5,25;1,81;0,57;0,09;-7;-26;-16;-20;12;60;-9;21;48;17;99,1;41533,98;46157,68;612;3609;0,037353638;196,4;12,63;15270;20507
2011;3;28,445;117,36;887,1739111;441,7976178;33,04208152;754,576234;982,77475;342,335575;13896,43497;4,347;19113,9;75;10,6;9,7;4,1;-14;-15;-8;-28;-43;93,8;282,5508222;-0,300568833;95,5569952;4,82228085;0,068362817;101,9578787;220,1294075;4281,420541;0,41806832;9,5;5,25;1,93;0,59;0,14;-7;-26;-16;-20;12;60;-9;21;48;17;99,85;41533,98;46157,68;619;6177;0,036935143;195,8;12,5;25502;35763
2011;4;27,407;125,89;946,9111855;446,4143102;8,831661537;953,0323668;969,961137;340,504568;13932,64993;4,444;20872;69,2;9,8;12,9;3,6;-14;-15;-8;-28;-43;93,8;209,2455933;0,014068927;117,6859321;15,41899549;-0,018179977;77,14613717;218,1483004;4771,226722;0,419068465;9,6;5,25;2,14;0,74;0,02;-6;-25;-1;-8;13;61;-6;22;49;19;100,6;42201,23;46665,87;627;19711;0,036410469;194,3;12,44;34561;49002
2011;5;27,969;116,73;860,3445995;486,4806453;7,041345639;631,1247108;989,850879;347,486856;14218,34881;5,12;19101,7;78,3;10,4;7,2;4;-14;-15;-8;-28;-43;93,8;213,5363228;0,01435742;120,0991657;15,73517294;-0,01855277;78,7280735;222,6215863;4771,226722;0,423983684;9,6;5,5;1,96;0,76;-0,02;-6;-25;-1;-8;13;61;-6;22;49;19;101,35;42201,23;46665,87;636;20045;0,035595442;193,9;12,33;37040;51778
2011;6;27,926;112,48;1106,331985;473,3541215;9,574062729;778,5196855;988,329066;346,952624;14196,48929;4,967;21278,9;70,3;10,7;12,3;3,9;-10;-14;-3;-23;-39;91,1;213,2080285;0,014335347;119,9145233;15,71098143;-0,018524247;78,60703567;222,2793242;4771,226722;0,426950604;9,4;5,5;1,77;0,86;-0,09;-6;-25;-1;-8;13;61;-6;22;49;19;102,1;42201,23;46665,87;638;30525;0,035232008;191,5;12,29;40511;53970
2011;7;27,638;116,74;927,4598561;479,4377262;26,52436702;848,181025;1018,073368;350,339288;14872,56056;4,918;21207,5;72,4;11,1;9;4,3;-10;-14;-3;-23;-39;91,1;160,6064448;1,239748553;-16,22359813;-5,95377796;0,017227687;60,66798955;149,9438886;5221,189816;0,434688866;9;5,5;1,56;0,82;-0,02;-8;-21;11;-3;5;63;-3;18;55;20;102,85;42904,44;47132,69;638;34020;0,034779567;188,3;12,25;44319;62421
2011;8;28,843;114,85;986,3712743;489,1549534;29,29502481;924,6639718;1062,460748;365,613868;15520,99516;5,789;19953,1;78,9;10,3;5,3;5;-10;-14;-3;-23;-39;91,1;167,6087882;1,293800837;-16,93093714;-6,21335906;0,017978803;63,31307701;156,481351;5221,189816;0,436916652;8,2;5,5;1,55;0,42;-0,02;-8;-21;11;-3;5;63;-3;18;55;20;103,6;42904,44;47132,69;645;25665;0,033690929;187,8;12,18;43448;59432
2011;9;32,194;102,76;992,8186777;480,9376325;51,02695305;599,5620021;1185,898184;408,091144;17324,23528;6,794;20376,2;77,1;9,7;6,2;5,1;-7;-13;-3;-20;-38;89,2;187,0816949;1,444115527;-18,89798531;-6,93523148;0,020067593;70,66883477;174,6614643;5221,189816;0,441821138;7,2;5,25;1,38;-0,18;-0,08;-8;-21;11;-3;5;63;-3;18;55;20;104,35;42904,44;47132,69;646;42800;0,033311355;186;12,14;47755;65314
2011;10;30,23;109,56;1027,743189;545,3701171;10,74516842;725,1359906;1053,48527;355,65595;15888,22294;6,596;20727,1;77,7;9,8;7,8;5,2;-7;-13;-3;-20;-38;89,2;273,4481857;0,254738133;-86,3441352;9,252999933;-0,001108433;96,40205927;427,4955297;5625,53538;0,446810251;7,2;5,25;1,51;0,12;-0,04;-12;-23;2;-10;0;63;-5;19;53;20;105,1;43686,07;48242,98;648;43637;0,033317547;183,9;12,06;50986;69815
2011;11;30,732;110,52;923,9973959;523,4813576;11,43378098;965,8906216;1070,979468;361,56198;16152,0631;6,235;21309,9;75,4;10;9,3;4,5;-7;-13;-3;-20;-38;89,2;277,9890719;0,25896832;-87,77796768;9,40665544;-0,00112684;98,00291384;434,5945292;5625,53538;0,444445196;6,8;5,25;1,52;0,15;-0,02;-12;-23;2;-10;0;63;-5;19;53;20;105,85;43686,07;48242,98;656;21786;0,032213355;182,1;12,02;53439;69649
2011;12;32,204;107,38;1202,892014;583,0023911;25,3472924;2104,943991;1122,277196;378,88006;16925,71391;6,624;31568;60;11,9;18,2;3,6;-7;-14;-3;-21;-39;90,6;291,3041804;0,271372373;-91,98235296;9,857215013;-0,001180813;102,6970531;455,4107191;5625,53538;0,367180758;6,1;5,25;1,26;0,29;-0,08;-12;-23;2;-10;0;63;-5;19;53;20;106,6;43686,07;48242,98;659;48797;0,031664382;180,3;11,95;56473;76441
2012;1;30,31;110,98;1059,559186;530,2156533;31,20900424;1001,174165;1052,72692;349,98957;16333,57404;6,495;16107,3;92,6;9,5;2,3;4,7;-7;-14;-3;-21;-39;90,6;454,65;-142,457;-51,527;-81,837;0;303,1;148,519;4975,006029;0,409920215;4,2;5,25;0,85;1,06;0,05;-7;-25;-15;-16;12;60;-5;20;50;20;106,5166667;44955,52;51907,49;658;52837;0,030647432;178,9;11,9;74278;102852
2012;2;29,085;122,66;806,4068185;485,5505597;31,38133202;1001,879324;1010,18022;335,844495;15673,44114;6,044;20407,4;73,1;10,2;11;5,4;-7;-14;-3;-21;-39;90,6;392,6475;0;93,072;-2,9085;0;49,4445;450,8175;4975,006029;0,395428514;3,7;5,25;0,8;0,77;0,07;-7;-25;-15;-16;12;60;-5;20;50;20;106,4333333;44955,52;51907,49;647;-227;0,030281554;172;11,83;28310;38959
2012;3;29,32;122,88;1100,346907;529,0891416;48,86281211;921,9753358;1018,34224;338,55804;15800,07888;5,611;20848,2;76,9;11,7;7,7;5,3;-4;-12;-0,1;-20;-37;90,3;316,656;0;93,824;23,456;0;-43,98;199,376;4975,006029;0,398703839;3,7;5,25;0,69;0,78;0,07;-7;-25;-15;-16;12;60;-5;20;50;20;106,35;44955,52;51907,49;649;22548;0,030072544;174,5;11,89;45116;64707
2012;4;29,368;119,47;1092,367057;559,9554638;7,638031893;1065,924495;1068,584048;354,647968;16373,27673;6,072;22347,7;71,7;11;11,4;3,9;-4;-12;-0,1;-20;-37;90,3;284,8696;0;325,9848;-2,9368;0;73,42;367,1;5382,987707;0,399420948;3,6;5,25;0,68;0,81;0,16;-6;-24;-1;-6;12;61;-5;19;51;21;106,2666667;46359,5;53357,87;652;38577;0,028879523;176,1;11,97;53647;77623
2012;5;33,401;101,87;1024,646728;583,2706463;9,486440807;831,6597638;1215,328786;403,350476;18621,75892;7,143;21299,4;77,9;11,5;6,4;4,6;-4;-12;-0,1;-20;-37;90,3;323,9897;0;96,8629;0;0;-183,7055;163,6649;5382,987707;0,402381141;3,6;5,25;0,86;0,96;-0,16;-6;-24;-1;-6;12;61;-5;19;51;21;106,1833333;46359,5;53357,87;654;47276;0,028086086;177,5;12,01;57933;86118
2012;6;32,395;97,8;1117,072773;538,0280569;26,92540309;951,5638576;1178,72447;391,20202;18060,8928;6,817;24126;70,9;11;11,4;4,5;-4;-11;-1;-18;-33;87,9;-106,9035;0;32,395;35,6345;0;-55,0715;139,2985;5382,987707;0,404273311;4,3;5;0,72;0,94;0,03;-6;-24;-1;-6;12;61;-5;19;51;21;106,1;46359,5;53357,87;657;53576;0,028051504;177,9;12,05;55276;81030
2012;7;32,211;104,92;1045,538684;508,3574214;29,11023661;1002,037202;1337,690619;387,852651;18381,27157;6,506;23041,8;76;12,4;6,3;6,2;-4;-11;-1;-18;-33;87,9;25,7688;-3,2211;-32,211;-6,4422;0;338,2155;306,0045;5814,047427;0,408455113;5,6;5;0,95;0,72;0,43;-7;-21;8;-2;7;63;-3;17;51;23;106,0166667;47482,84;54848,38;660;45576;0,027200843;178,1;12,08;55411;82018
2012;8;32,25;114,57;1106,135915;490,5063925;37,02879976;821,8776543;1339,31025;388,32225;18403,527;6,312;23403,8;76,1;11,6;7,1;6;-4;-11;-1;-18;-33;87,9;-61,275;-3,225;77,4;-25,8;0;-238,65;196,725;5814,047427;0,405871899;5,9;5;1,01;0,79;0,33;-7;-21;8;-2;7;63;-3;17;51;23;105,9333333;47482,84;54848,38;665;37586;0,026443041;178,7;12,11;57803;87707
2012;9;31,185;112,39;1033,286606;514,6780747;52,67498443;841,7926958;1295,081865;375,498585;17795,78262;6,128;23396,3;76,2;11,4;7,5;5,2;-5;-11;-3;-17;-33;89,6;205,821;-3,1185;3,1185;0;0;140,3325;193,347;5814,047427;0,405502868;6,6;5,25;0,79;0,84;0,38;-7;-21;8;-2;7;63;-3;17;51;23;105,85;47482,84;54848,38;662;54588;0,025647715;179;12,13;64251;94981
2012;10;31,343;108,7;1067,864695;536,5286695;19,17914438;995,9835363;1459,768882;424,164819;18772,16896;5,711;23348,6;78,6;10,8;8,3;4,7;-5;-11;-3;-17;-33;89,6;131,6406;0;40,7459;0;0;235,0725;241,3411;6136,913284;0,405879503;6,5;5,25;0,34;1,13;0,68;-10;-23;0;-8;4;63;-4;19;50;22;105,7666667;48162,53;56369,51;660;41934;0,024340041;178,5;12,16;58681;87341
2012;11;30,865;111,23;951,619476;566,287279;5,582324051;876,1960882;1437,50651;417,696045;18485,88186;5,314;25062,2;73,1;10,3;12,3;4,2;-5;-11;-3;-17;-33;89,6;166,671;0;95,6815;15,4325;0;77,1625;311,7365;6136,913284;0,405995763;6,5;5,25;0,12;0,8;0,7;-10;-23;0;-8;4;63;-4;19;50;22;105,6833333;48162,53;56369,51;663;61985;0,023700051;178,6;12,19;67930;102340
2012;12;30,558;111,11;1450,695775;610,7168748;20,92209343;2262,922022;1423,208292;413,541414;18302,01127;5,094;35547,9;60,7;11,5;19,1;3,4;-8;-13;-3;-19;-36;92,2;21,3906;-9,1674;140,5668;33,6138;3,0558;-253,6314;464,4816;6136,913284;0,369672188;6,6;5,25;0,11;0,86;0,95;-10;-23;0;-8;4;63;-4;19;50;22;105,6;48162,53;56369,51;666;55972;0,02270822;178,9;12,24;68187;104424
2013;1;30,03;115,55;1093,098625;465,8635522;28,6519471;1080,062978;1633,96233;469,63917;19111,72263;4,615;17501,5;96,2;10,5;2,6;4,4;-8;-13;-3;-19;-36;92,2;267,267;0;-162,162;21,021;0;393,393;81,081;5297,24042;0,411041834;7,1;5,25;0,19;1,18;1,07;-5;-23;-19;-19;13;62;-3;19;46;22;105,7333333;48794,73;55420,52;667;58831;0,02080859;179,5;12,29;79179;124744
2013;2;30,65;111,38;888,2011553;510,8494374;38,17501919;1003,423487;1667,69715;479,33535;19506,30365;4,809;23669,9;70,2;11,5;13,7;3,3;-8;-13;-3;-19;-36;92,2;242,135;0;156,315;0;-3,065;373,93;266,655;5297,24042;0,398696023;7,3;5,25;0,21;1,49;0,7;-5;-23;-19;-19;13;62;-3;19;46;22;105,8666667;48794,73;55420,52;653;13880;0,020910116;181,6;12,69;33671;52249
2013;3;31,078;110,02;1124,307666;526,9559232;53,62759811;963,8819084;1690,985058;486,028842;19778,69184;5,058;24422,4;73,3;11,5;11,2;3,5;-7;-11;-1;-18;-34;90,8;245,5162;0;164,7134;0;-6,2156;-40,4014;1985,8842;5297,24042;0,405046724;7;5,25;0,33;1,34;0,77;-5;-23;-19;-19;13;62;-3;19;46;22;106;48794,73;55420,52;654;42083;0,020450845;180,6;12,77;50315;80755
2013;4;31,128;102,37;1118,800917;583,9480088;20,11965613;1042,87723;1789,206312;608,39676;21530,36602;4,857;26419,2;67,9;12,1;13,1;4;-7;-11;-1;-18;-34;90,8;118,2864;0;71,5944;9,3384;0;280,152;124,512;5671,690728;0,409237564;7,2;5,25;0,15;1,12;1,14;-3;-22;-2;-7;16;63;-2;18;45;21;106,1333333;49330,65;55998,45;658;41738;0,020073464;180,5;12,82;58491;94046
2013;5;31,922;100,39;891,1390363;523,7084377;2,262993625;691,1519743;1834,844638;623,91549;22079,55358;5,228;23020,4;80,3;12;4,1;3,8;-7;-11;-1;-18;-34;90,8;89,3816;0;-54,2674;22,3454;0;453,2924;124,4958;5671,690728;0,411923324;7,4;5,25;0,21;1,19;0,67;-3;-22;-2;-7;16;63;-2;18;45;21;106,2666667;49330,65;55998,45;660;66531;0,019570323;180;12,76;69109;114065
2013;6;32,835;102,16;1142,106334;487,7841667;33,03379167;932,5160909;1887,322965;641,760075;22711,05012;5,133;26441,2;71,1;11,3;11,3;4;-5;-10;-1;-17;-32;89,1;-170,742;0;-167,4585;9,8505;0;-302,082;121,4895;5671,690728;0,415177833;6,9;5,25;0,41;1,38;0,68;-3;-22;-2;-7;16;63;-2;18;45;21;106,4;49330,65;55998,45;665;52682;0,01904641;179;12,74;58636;94076
2013;7;32,96;107,7;1072,358543;536,6233579;25,41479957;1127,588392;1843,55168;625,18528;23327,90144;4,932;26009,1;74,5;13,6;6,6;5,1;-5;-10;-1;-17;-32;89,1;-59,328;-6,592;-332,896;-6,592;0;-88,992;336,192;6181,156088;0,421260774;6,5;5,25;0,3;1,6;1,1;-4;-19;5;-2;11;65;1;16;45;20;106,5333333;49959,49;56246,79;665;60950;0,018432416;178,5;12,72;65951;107441
2013;8;33,268;114,01;1088,149292;544,8337187;45,54343138;889,6091761;1860,779044;631,027424;23545,89275;4,921;25733,6;76,9;10,7;6,7;4,9;-5;-10;-1;-17;-32;89,1;-23,2876;0;-86,4968;-6,6536;-3,3268;-86,4968;302,7388;6181,156088;0,424718982;6,5;5,25;0,5;1,43;0,71;-4;-19;5;-2;11;65;1;16;45;20;106,6666667;49959,49;56246,79;660;66767;0,018128946;178,2;12,67;74859;121079
2013;9;32,393;108,37;1186,308393;593,6000067;53,43611125;920,2024267;1811,837669;614,430424;22926,59925;4,695;24840,6;79,1;10,8;7,4;5,5;-6;-11;-2;-18;-32;90,2;61,5467;0;171,6829;-3,2393;0;-178,1615;139,2899;6181,156088;0,425555163;6,1;5,5;0,41;1,21;0,85;-4;-19;5;-2;11;65;1;16;45;20;106,8;49959,49;56246,79;658;55454;0,017769239;177,8;12,63;74601;121390
2013;10;32,083;108,84;1136,127383;585,4419537;21,25440268;1108,605027;2010,930357;563,441646;22979,76958;4,598;26288,4;76,4;11,2;7,7;4,6;-6;-11;-2;-18;-32;90,2;6,4166;-3,2083;-99,4573;-16,0415;-3,2083;67,3743;285,5387;6522,155657;0,421211009;6,3;5,5;0,43;1,18;1;-8;-21;-5;-11;5;65;-1;17;42;21;106,9333333;50208,31;56478,11;653;2056;0,016959629;177,4;12,6;71901;121004
2013;11;33,149;109,69;1018,11569;581,1256019;7,245943995;1028,003457;2077,746171;582,162738;23743,30274;5,064;27380,3;73,4;10,7;8,9;3,6;-6;-11;-2;-18;-32;90,2;212,1536;0;-162,4301;-3,3149;-3,3149;232,043;304,9708;6522,155657;0,420078969;6,5;5,5;0,54;1,23;0,67;-8;-21;-5;-11;5;65;-1;17;42;21;107,0666667;50208,31;56478,11;654;82112;0,01626222;176;12,56;81700;136212
2013;12;32,895;110,8;1261,226449;593,3016394;31,53532173;2194,698476;2061,825705;577,70199;23561,3727;4,684;39758,5;59,4;13;17,7;3,8;-10;-12;-5;-19;-36;92,4;39,474;0;-236,844;111,843;0;39,474;29,6055;6522,155657;0,406570403;6,5;5,5;0,58;1,08;0,43;-8;-21;-5;-11;5;65;-1;17;42;21;107,2;50208,31;56478,11;654;78557;0,015641321;176,4;12,48;79986;132924
2014;1;35,176;106,4;1326,688721;615,0411011;23,49590645;737,66057;2171,871768;561,514488;25638,52006;5,746;18726,9;97,1;11,8;-9,8;8;-10;-12;-5;-19;-36;92,4;337,6896;0;-284,9256;0;0;745,7312;260,3024;5796,735009;0,443235456;6,1;5,5;0,87;0,73;0,26;-3;-23;-22;-20;17;63;-3;19;39;21;129,1;49938,5;55924,7;658;88845;0,014968709;176,4;12,44;105819;178685
2014;2;36,05;109,07;1041,863387;618,7429137;53,20678488;1447,181061;2225,83515;575,46615;26275,5472;5,681;25141,4;72,7;12,1;8,1;5,7;-10;-12;-5;-19;-36;92,4;219,905;-7,21;-237,93;0;0;555,17;14,42;5796,735009;0,424820662;6,2;5,5;0,87;0,64;0,28;-3;-23;-22;-20;17;63;-3;19;39;21;134,3;49938,5;55924,7;633;33654;0,01507318;174,1;12,28;47726;79318
2014;3;35,047;107,76;1152,86775;592,8892396;56,1762629;1027,969872;2163,906921;559,455261;25544,49661;6,211;24601,7;80,6;12,5;0;7,6;-7;-11;-6;-20;-37;92,5;346,9653;0;-445,0969;0;-17,5235;-108,6457;353,9747;5796,735009;0,429199582;6,9;7;0,9;0,55;0,05;-3;-23;-22;-20;17;63;-3;19;39;21;131;49938,5;55924,7;635;63575;0,014973664;181,2;12,29;70116;118928
2014;4;35,634;108,07;1232,855114;689,9915272;22,65998679;1257,864563;1911,372126;551,43615;25510,09553;6,824;28196,3;69,7;11,4;11,6;4,1;-7;-11;-6;-20;-37;92,5;327,8328;0;-559,4538;-3,5634;0;466,8054;338,523;6375,985491;0,416524162;7,3;7,5;1,18;0,44;0,09;-4;-23;-2;-6;15;63;-3;18;39;21;127;50919,48;56630,42;635;63731;0,014451465;183,9;12,16;80270;136573
2014;5;34,92;109,41;1128,298606;632,0329468;9,511529662;770,6581863;1873,07388;540,387;24998,94864;6,125;26258,8;76,5;11,8;7,4;5;-7;-11;-6;-20;-37;92,5;265,392;0;-83,808;-3,492;0;150,156;342,216;6375,985491;0,421599612;7,6;7,5;0,33;0,28;-0,06;-4;-23;-2;-6;15;63;-3;18;39;21;128,7;50919,48;56630,42;633;95476;0,014074302;174,5;12,2;93748;161506
2014;6;33,988;112,36;1238,333075;554,7408538;35,74684651;959,9787855;1823,082332;525,9643;24331,7373;5,798;27586,5;73,7;11,8;10,6;4,7;-6;-8;-2;-16;-33;89,7;-169,94;0;261,7076;23,7916;0;-118,958;33,988;6375,985491;0,421766113;7,8;7,5;0,33;0,45;0,09;-4;-23;-2;-6;15;63;-3;18;39;21;130,2;50919,48;56630,42;631;70770;0,013666032;176,2;12,2;78300;135022
2014;7;35,6474;106,02;1134,760548;610,4291402;25,12934715;1089,288787;2036,464667;578,379065;26121,66612;6,948;28191,6;74,2;12,1;8,2;4,3;-6;-8;-2;-16;-33;89,7;74,85954;-3,56474;-171,10752;-21,38844;0;-221,01388;185,36648;6919,530306;0,421108697;7,5;8;0,82;-0,05;0,04;-6;-23;5;-3;11;64;-1;16;38;22;131,5;51115,56;57119,36;635;60666;0,013277765;175,9;12,2;78417;138332
2014;8;37,076;103,19;1183,956865;573,4739351;57,43594082;893,3948404;2118,077728;601,5581;27168,5142;7,395;29015,5;73,9;11,3;8,9;4,5;-6;-8;-2;-16;-33;89,7;111,228;-367,0524;59,3216;-381,8828;0;-396,7132;337,3916;6919,530306;0,422581795;7,6;8;0,65;-0,16;0,03;-6;-23;5;-3;11;64;-1;16;38;22;128,2;51115,56;57119,36;637;95982;0,013268691;178,4;12,21;89957;157552
2014;9;39,6005;94,67;1258,683431;607,3922825;58,54805606;1003,109319;2262,297364;642,5181125;29018,41479;6,905;27131,7;79,3;11,6;4,6;4,8;-4;-7;-4;-16;-31;91,1;35,64045;0;-99,00125;83,16105;0;-312,84395;102,9613;6919,530306;0,42482785;8;8;0,61;-0,16;-0,08;-6;-23;5;-3;11;64;-1;16;38;22;124,6;51115,56;57119,36;637;68077;0,013057714;178,4;12,22;82898;146082
2014;10;43,034;85,86;1193,288659;618,3956376;26,77718107;1158,124172;2125,104988;680,58271;29300,00014;7,655;28936,3;75,8;10,9;6,4;8,5;-4;-7;-4;-16;-31;91,1;176,4394;-1368,4812;-1144,7044;-1364,1778;0;559,442;335,6652;7307,635358;0,421959166;8,3;8;0,65;-0,13;-0,13;-11;-24;-8;-12;3;64;-4;17;39;20;123,7;51714,18;58084,71;634;77301;0,012863889;178,8;12,24;82958;148577
2014;11;50,4085;70,15;1059,801667;605,6334316;9,568296753;915,7248015;2489,272547;797,2104275;34320,98008;8,437;28795,7;76,9;10,9;6,6;5,8;-4;-7;-4;-16;-31;91,1;297,41015;0;-322,6144;15,12255;0;85,69445;196,59315;7307,635358;0,415463545;9,1;9,5;0,44;-0,52;-0,29;-11;-24;-8;-12;3;64;-4;17;39;20;120,9;51714,18;58084,71;631;78564;0,013044534;179,5;12,32;92856;164973
2014;12;55,9077;57,33;1545,482672;715,0428184;37,35535709;3155,009457;2760,834041;884,1802755;38065,1489;11,92;40971,6;65,9;13,4;11,2;7;-14;-10;-12;-24;-44;93,1;223,6308;0;-1744,32024;22,36308;0;637,34778;335,4462;7307,635358;0,380581186;11,4;13,38333333;1,15;-3,37;-1,51;-11;-24;-8;-12;3;64;-4;17;39;20;114,9;51714,18;58084,71;630;92782;0,013427698;179,7;12,35;85234;150690
2015;1;68,8629;52,99;1324,184116;520,7773153;31,43960821;1508,599316;2865,109817;729,8778771;41310,92257;12,271;20759,3;94,1;10,8;6,9;4,2;-14;-10;-12;-24;-44;93,1;785,03706;0;27,54516;13,77258;0;130,83951;165,27096;6189,508608;0,404906247;15;17;0,6;-2,54;-1,66;-8;-21;-7;-19;6;64;-9;17;36;19;128,1;52602,51;58707,41;629;78942;0,01306464;179,5;12,45;130334;226573
2015;2;61,6207;62,58;954,7571174;525,5578015;58,00376643;1360,656614;2563,790844;653,1177993;36966,31955;11,414;28085,1;69,1;11;17,7;3,6;-14;-10;-12;-24;-44;93,1;523,77595;0;-720,96219;0;0;-277,29315;240,32073;6189,508608;0,397453781;16,7;15;0,61;-2,86;-1,57;-8;-21;-7;-19;6;64;-9;17;36;19;136,9;52602,51;58707,41;598;30952;0,014216998;176,5;14,16;43025;70525
2015;3;58,1993;55,11;1159,138494;499,2214428;72,86699956;1098,454486;2421,440076;616,8543807;34913,81827;10,193;27621,2;75,8;11,5;12,4;4,3;-28;-16;-19;-45;-52;89,2;593,63286;0;75,65909;0;0;-448,13461;168,77797;6189,508608;0,399902503;16,9;14;-0,12;-0,7;-1,32;-8;-21;-7;-19;6;64;-9;17;36;19;132,2;52602,51;58707,41;595;5760;0,01378394;175,5;14,45;49041;79571
2015;4;51,6513;66,78;1112,024976;472,9230323;33,17531391;1293,58133;1733,211023;578,3912574;28739,81635;8,675;31415,1;64,8;10,3;19,3;4,7;-28;-16;-19;-45;-52;89,2;377,05449;-10,33026;-247,92624;5,16513;0;439,03605;36,15591;6619,184088;0,395216188;16,4;14;0,26;-0,54;-1,1;-6;-20;0;-13;8;65;-8;17;36;18;127,8;52190,48;58310,48;589;-5417;0,014087245;174;14,53;43120;68038
2015;5;52,3212;65,56;810,6638915;452,8988588;15,04735356;832,6343507;1755,690187;585,8927976;29112,5621;8,577;27807,1;75;11,4;10,7;3,8;-28;-16;-19;-45;-52;89,2;345,31992;0;183,1242;10,46424;0;-282,53448;256,37388;6619,184088;0,404000921;15,8;12,5;0,25;-0,56;-1,05;-6;-20;0;-13;8;65;-8;17;36;18;122,2;52190,48;58310,48;582;3740;0,01381849;173,1;14,4;49273;80886
2015;6;55,2806;63,59;1260,103531;504,6387863;52,81275553;1061,256551;1854,995814;619,0321588;30759,23145;8,731;30049,2;70,1;10,6;14,6;3,7;-27;-15;-9;-37;-43;79,2;149,25762;0;-44,22448;22,11224;0;-77,39284;-11,05612;6619,184088;0,405575218;15,3;11,5;0,54;-0,54;-1,27;-6;-20;0;-13;8;65;-8;17;36;18;115,3;52190,48;58310,48;577;23561;0,014200824;172,7;14,22;43778;73784
2015;7;61,7417;52,21;1175,172638;529,1074438;26,59438435;1393,546028;2248,385747;633,3463586;34329,37307;8,723;31140,8;70,2;11,5;11,7;4,8;-27;-15;-9;-37;-43;79,2;246,9668;0;135,83174;18,52251;0;-234,61846;-321,05684;7322,253096;0,403437379;15,6;11,5;0,72;-0,68;-1,05;-9;-19;4;-9;2;65;-7;15;35;15;111,9;51719,97;57233,16;574;22069;0,014684221;173,3;14,04;52257;87893
2015;8;64,2768;54,15;1163,882491;528,0520683;80,63285053;947,6989604;2340,703949;659,3514144;35738,92923;9,576;31355,2;71,4;10,4;13,6;4,8;-27;-15;-9;-37;-43;79,2;77,13216;0;147,83664;-12,85536;0;-154,26432;-83,55984;7322,253096;0,405156766;15,8;11;0,89;-0,56;-0,38;-9;-19;4;-9;2;65;-7;15;35;15;109,2;51719,97;57233,16;572;37399;0,015109245;173,3;13,93;58084;96827
2015;9;65,4532;48,37;1185,447044;478,3964273;19,04936751;908,2326239;2383,543731;671,4189256;36393,02645;9,185;29589,4;74,8;11,3;10,6;4,6;-22;-10;-13;-34;-45;89,9;170,17832;0;340,35664;-6,54532;0;124,36108;399,26452;7322,253096;0,408810148;15,7;11;0,44;-0,28;-0,07;-9;-19;4;-9;2;65;-7;15;35;15;107;51719,97;57233,16;570;55478;0,016091645;173,8;13,78;57641;95946
2015;10;63,9454;49,56;1191,880515;459,496522;42,22011834;1147,113284;2069,209199;662,6661802;34343,53965;7,904;30987,2;72,6;11;10,8;5;-22;-10;-13;-34;-45;89,9;274,96522;-12,78908;57,55086;-6,39454;0;-57,55086;76,73448;7613,260342;0,403424761;15,6;11;-0,18;-0,08;-0,02;-13;-20;-1;-22;-5;65;-7;16;40;14;104,2;51530,15;56282,88;568;42613;0,01620255;174,3;13,68;65041;108558
2015;11;66,4888;44,61;838,8695157;439,9704183;27,77971211;1009,571192;2151,511079;689,0234344;35709,53875;7,642;30720,6;73;10,7;12,6;4,1;-22;-10;-13;-34;-45;89,9;332,444;0;272,60408;6,64888;13,29776;-199,4664;192,81752;7613,260342;0,404629713;15;11;-0,26;-0,22;0,03;-13;-20;-1;-22;-5;65;-7;16;40;14;103,4;51530,15;56282,88;561;43805;0,0159661;174,7;13,58;65532;111237
2015;12;73,5963;37,28;1483,118609;451,6110036;59,08383676;2540,201765;2381,502672;762,6784569;39526,80642;7,471;46493,3;56,8;10,4;23,8;3;-25;-14;-15;-38;-47;91;390,06039;0;-51,51741;80,95593;7,35963;-655,00707;294,3852;7613,260342;0,393526007;12,9;11;0,06;-0,41;-0,05;-13;-20;-1;-22;-5;65;-7;16;40;14;99,5;51530,15;56282,88;562;50361;0,016337823;175,4;13,43;67486;112497
2016;1;75,4644;34,74;1094,047096;371,0620816;26,77438909;666,8369204;2305,512884;884,1409104;39173,6455;8,377;21561,6;94,1;11,6;-4,6;4,3;-25;-14;-15;-38;-47;91;362,22912;0;67,91796;-7,54644;0;-128,28948;135,83592;6271,967983;0,429590064;9,8;11;0,25;-0,14;0,02;-16;-36;-28;-26;5;60;-13;28;37;13;88,69;53655,35;55329,96;559;143537;0,016626082;176,4;13,35;105232;175901
2016;2;75,1682;35,97;747,891977;316,6648968;93,37782268;1153,718675;2296,463678;880,6706312;39019,88779;7,942;28883,7;70,2;10,8;15,1;2,8;-25;-14;-15;-38;-47;91;315,70644;0;37,5841;0;0;-300,6728;90,20184;6271,967983;0,414887652;8,1;11;0,02;-0,19;0,01;-16;-36;-28;-26;5;60;-13;28;37;13;82,84;53655,35;55329,96;522;19469;0,017295124;180,6;12,5;37147;61804
2016;3;67,0288;39,6;1068,744955;304,4541395;74,93772767;1533,698385;2047,796869;785,3094208;34794,71711;7,33;29076,3;73,2;10,9;12,3;4,1;-29;-17;-15;-43;-49;90,3;261,41232;0;87,13744;6,70288;0;-288,22384;368,6584;6271,967983;0,419078572;7,3;11;-0,54;-0,13;-0,06;-16;-36;-28;-26;5;60;-13;28;37;13;83,69;53655,35;55329,96;516;67713;0,017342279;181,5;12,23;80231;142761
2016;4;64,6542;48,13;999,4256652;326,3211146;42,14414618;1454,355516;2074,947241;702,0799578;33698,60954;7,045;31455;67,2;11;15;3,8;-29;-17;-15;-43;-49;90,3;38,79252;-64,6542;181,03176;-71,11962;0;77,58504;213,35886;6809,874208;0,420951391;7,3;11;-0,37;-0,23;-0,07;-15;-36;-11;-15;6;60;-14;29;36;13;85,73;53558,2;54792,83;509;26847;0,016969357;181,5;12,47;71082;119099
2016;5;66,6968;49,69;735,5938471;364,3821737;30,28711932;963,1443243;2140,500402;724,2605512;34763,23922;7,029;28031;76,6;11,4;9,8;3,2;-29;-17;-15;-43;-49;90,3;173,41168;-13,33936;193,42072;13,33936;0;-106,71488;73,36648;6809,874208;0,425978734;7,3;11;-0,37;-0,4;-0,04;-15;-36;-11;-15;6;60;-14;29;36;13;87,18;53558,2;54792,83;506;29695;0,016882612;182;12,6;72685;123045
2016;6;63,9731;49,68;1223,045258;425,3529152;46,4676151;1212,206103;2053,088698;694,6838929;33343,61137;6,835;30872,3;70,4;11,2;13,2;4,2;-27;-16;-12;-41;-46;89,1;-83,16503;-6,39731;-89,56234;-6,39731;0;-255,8924;159,93275;6809,874208;0,432498266;7,5;10,5;-0,75;-0,26;0,12;-15;-36;-11;-15;6;60;-14;29;36;13;90,81;53558,2;54792,83;505;32319;0,017417779;182,6;12,69;61578;103935
2016;7;66,0429;42,46;1101,562487;445,3137443;20,06823192;1094,245469;2376,421671;708,9044886;34642,8032;6,96;30739,4;73,6;12,2;8,5;3,9;-27;-16;-12;-41;-46;89,1;19,81287;6,60429;99,06435;-13,20858;0;-396,2574;-6,60429;7573,749043;0,431140286;7,2;10,5;-0,52;-0,22;0,22;-16;-34;0;-5;3;62;-11;28;37;13;92,6;53475,96;54215,14;499;28022;0,017152609;182,6;12,73;67386;114233
2016;8;65,3317;47,04;1173,66801;440,1036622;117,3042848;1058,971524;2350,830561;701,2704678;34269,74324;6,652;30444,4;76,5;11,7;7,4;4,5;-27;-16;-12;-41;-46;89,1;-124,13023;0;52,26536;13,06634;0;19,59951;-39,19902;7573,749043;0,433196947;6,9;10,5;-0,31;-0,19;0,42;-16;-34;0;-5;3;62;-11;28;37;13;94,21;53475,96;54215,14;501;42658;0,017475691;182,6;12,74;65136;110851
2016;9;62,8343;49,06;1151,44849;425,7555913;46,47386085;1169,885695;2260,966617;674,4633762;32959,73207;6,562;30577;74,9;11,5;8,6;5,3;-19;-13;-8;-33;-41;87,7;113,10174;0;56,55087;6,28343;0;-163,36918;157,08575;7573,749043;0,43506489;6,4;10;-0,59;-0,15;0,01;-16;-34;0;-5;3;62;-11;28;37;13;94,51;53475,96;54215,14;495;45750;0,017240936;182,3;12,73;73056;124872
2016;10;63,3823;48,3;1146,166153;434,1856066;46,13965182;1105,527883;2560,074479;694,670008;32977,0501;6,755;30974,8;74,7;11,7;8,8;5,4;-19;-13;-8;-33;-41;87,7;-12,67646;-12,67646;291,55858;19,01469;0;253,5292;126,7646;8025,625056;0,432169374;6,1;10;-0,29;-0,05;0,04;-21;-37;-10;-14;-4;61;-12;29;36;13;93,62;53286,96;53982,97;492;43694;0,016819177;182,4;12,71;74280;126783
2016;11;64,142;50,47;995,2341512;496,4448736;31,31923474;1182,518588;2590,759522;702,99632;33372,3129;6,42;30624,1;75,3;11,5;9,5;4;-19;-13;-8;-33;-41;87,7;269,3964;0;301,4674;25,6568;0;-96,213;89,7988;8025,625056;0,431000147;5,8;10;-0,12;0,08;0,02;-21;-37;-10;-14;-4;61;-12;29;36;13;93,54;53286,96;53982,97;492;47629;0,016646003;182,5;12,67;72174;125058
2016;12;61,273;56,82;2023,212602;493,9877382;45,97009071;3200,073581;2474,877743;671,55208;31879,60662;5,934;45948,1;58,5;11,1;21,3;3;-18;-12;-8;-33;-42;86,5;373,7653;42,8911;-686,2576;73,5276;0;-496,3113;949,7315;8025,625056;0,423424628;5,4;10;-0,19;0,44;0,43;-21;-37;-10;-14;-4;61;-12;29;36;13;93,49;53286,96;53982,97;486;59317;0,016540161;182,8;12,62;78338;136849
2017;1;60,1589;55,7;1265,992974;485,1310105;51,14686357;1179,330371;2356,905384;741,9998726;30929,61557;5,714;;;;;;-18;-12;-8;-33;-42;86,5;466,8852017;0,903586678;226,6390303;4,417468027;0,118312503;274,2778606;-65,56658352;6696,981458;0,453496991;5;10;-0,68;0,59;0,41;-16;-41;-28;-19;9;61;11;34;35;11;78,4;56100,47;53047,1;484;67805;0,015653366;183;12,48;103368;184051
2017;2;58,3058;55,59;1024,895434;529,7708207;80,51238146;1060,855527;2284,304632;719,1437372;29976,87757;5,873;;;;;;-18;-12;-8;-33;-42;86,5;452,5035397;0,875753116;219,6577726;4,281394894;0,114668073;265,8291638;-63,54690836;6696,981458;0,448761112;4,6;10;-0,63;0,04;0,05;-16;-41;-28;-19;9;61;11;34;35;11;83;56100,47;53047,1;440;-17211;0,015823254;186,5;11,84;40039;71083
2017;3;56,2665;52,83;1341,676535;502,9633776;60,91695147;1474,00971;2204,408937;693,991011;28928,40818;5,541;;;;;;-16;-13;-6;-30;-38;85,8;436,6768043;0,84512283;211,9750361;4,131649095;0,11065745;256,5315397;-61,32429569;6696,981458;0,454172196;4,3;9,75;-0,73;0,23;0,21;-16;-41;-28;-19;9;61;11;34;35;11;80,5;56100,47;53047,1;432;19775;0,015631093;185,3;11,9;57787;103247
2017;4;56,9311;51,73;;;;;2611,144902;819,9217022;29928,7362;5,321;;;;;;-16;-13;-6;-30;-38;85,8;;;;;;;;;;4,1;9,75;-0,44;0,26;0,85;-16;-39;-7;-9;7;62;12;32;34;11;84,2;;;431;49071;0,01539301;185,4;11,8;80511;146984
2017;5;56,5617;50,31;;;;;2594,202371;814,6016034;29734,54225;5,434;;;;;;-16;-13;-6;-30;-38;85,8;;;;;;;;;;4,1;9,25;-0,36;0,13;1,03;-16;-39;-7;-9;7;62;12;32;34;11;85,2;;;429;63100;0,015335436;185,7;11,69;81662;149508
2017;6;58,9401;47,92;;;;;2703,287686;848,8553202;30984,86951;5,386;;;;;;-15;-12;-4;-29;-38;82,6;;;;;;;;;;4,4;9;-0,11;0,14;0,85;-16;-39;-7;-9;7;62;12;32;34;11;87,4;;;424;747;0,015489178;185,9;11,6;78575;144503
